customer_id,first_name,last_name,email,phone_number,address,city,state,zip_code,registration_date
051b51d1-e2fe-4bcd-a1fc-949e0a78b414,Michael,Callahan,wfields@example.com,001-991-782-5774,"00205 Logan Cape Christinafort, MT 61860",Joelmouth,Alaska,97481,2023-08-08
6479dada-ecc0-4876-992e-8efd61b9b3c4,Christopher,Berry,randall56@example.net,948-695-4816x134,"3362 Darrell Drives Gilesshire, ME 16563",Port Frank,Minnesota,61114,2020-03-09
a9669887-3703-4515-8eb0-938846fb1b5d,Mary,Salazar,mdavidson@example.com,590-778-7601,"0941 Maureen Forge Suite 710 Johnstad, WY 50317",Port Dennistown,Idaho,73764,2024-02-17
e064968d-ce19-4331-98a6-7992a88e94cf,Roger,Hardy,david36@example.org,001-798-577-8254x582,"57137 Diaz Well Lutzland, CT 80635",North Melissa,Washington,01107,2023-07-21
2ad73509-575e-4fa4-b014-a204691b2579,Alan,Christensen,gibsonsarah@example.net,(677)350-9556,"359 Campbell Trace Apt. 590 Williamschester, CA 20762",Gonzalezmouth,New Hampshire,24845,2023-11-10
7bd7a64f-85f9-4017-9e11-55f2a2672bea,Todd,Villegas,courtney79@example.com,889-790-5222x6069,"215 Blake Path Catherineport, MI 21170",Meadowsmouth,Delaware,59499,2024-04-17
e3aa5ee6-b53f-4dee-9905-22db99b67f00,Steven,Charles,cantumatthew@example.net,+1-335-560-7766x056,"0683 Melissa Springs Apt. 416 Abbottville, MN 96530",East Kiaraburgh,Connecticut,83892,2020-08-31
0a907461-61d1-4ad6-aab6-6cc91af35a20,Jessica,Moore,aarongrant@example.net,+1-620-752-9509x65904,"58886 Kevin Unions Chandlerhaven, FM 43783",Port William,Indiana,20930,2023-01-27
2aed62b4-c1f9-434f-9e4e-715b289c13b6,Sandra,Wilson,vasquezjacqueline@example.net,+1-617-377-5491x5777,"2082 Melissa Court Johnsonport, NM 30899",Peggyland,Maine,95851,2021-04-01
a1765ab2-dba1-4f7b-95ec-ae44436de43a,Laura,Barnes,melissagarcia@example.org,752.601.6005x35877,"380 Carr Run Walkerhaven, VI 65057",Lake Michael,Colorado,41105,2021-05-28
a7fa8b9a-737f-4008-af65-1bc4b676d7fd,Stephen,Rush,jay60@example.net,(685)879-5461x409,"06523 Jenny Locks Lake Jackview, WY 97817",Johnsonchester,New Mexico,23138,2024-08-03
6eb74b87-f629-44e2-9262-2eb7f3bece93,Christopher,Schmitt,tobrien@example.com,(369)795-7983x91406,"80991 Aguirre Lodge Suite 513 South Williamside, MN 86330",East Blake,Rhode Island,03650,2024-07-04
e221de95-63ee-4201-b579-3fc89516f363,Theresa,Cook,ygarrison@example.net,8398907132,"6257 John Port New Carlosborough, AR 46276",South Shelley,Delaware,09143,2023-03-17
96ae7284-9c0a-49c2-9fd9-749710495724,Jonathon,Higgins,stevengomez@example.com,+1-952-742-6715x18846,"3419 Serrano Estate West Erinburgh, RI 77968",Walterfurt,Vermont,47348,2022-08-25
1a72f1e6-365e-443f-8884-5bf3a382719d,Johnathan,Anderson,paula66@example.org,+1-693-420-2011,"7690 Michael Falls South Alexisview, NM 22633",East Tabithamouth,Rhode Island,37549,2020-02-14
44460eb0-a381-4287-83b7-448bbdabc9d9,Michelle,Diaz,markfox@example.org,289-290-0764x9986,"0350 Arias Center Apt. 776 Lake Holly, AZ 80706",South Branditown,Kansas,24067,2022-06-26
da864766-6498-438d-a1ac-bde1df246cd4,Steven,Meyer,christopher91@example.org,001-962-738-1003x785,"73564 Rebecca Ferry Suite 899 Glassstad, NM 95593",Martinmouth,North Dakota,34794,2020-07-28
ed22f8ee-a7bb-45a9-8aec-13ebe8f40f07,William,Sanchez,dhill@example.org,001-370-468-3015x379,USCGC Perkins FPO AE 29889,Tyronestad,Texas,33249,2023-02-09
6f328472-df20-4eef-9401-9cab0186c79e,Justin,Mcneil,walkerallison@example.org,(333)932-1854,"981 Wallace Mall South Rachel, HI 88449",East Edwin,California,56877,2021-01-18
2c228143-0d62-4b2d-9cba-c7e7d39bc8a9,James,Dorsey,amandaharrison@example.org,(528)770-4044x3126,"67758 Elizabeth Islands Mcintoshborough, VT 75884",East Cole,Kansas,94006,2020-10-30
523908ab-59fc-4962-9723-a56366469e70,Jasmin,Mcclure,carol43@example.com,(832)261-5554x005,"01286 Graham Cape Hoodland, SD 30270",New Jessica,Connecticut,62546,2024-02-06
6025e6c1-faf6-4ff9-9e11-bb79efc75453,Daniel,Foley,kbooker@example.com,(310)338-0225,"477 Hart Streets Suite 675 Scotttown, WV 82948",Smithborough,Wisconsin,82664,2024-07-28
e772222a-01fa-4eb6-bfd2-d2f6588e0d40,Paul,Rivera,steven52@example.com,(583)402-7720,"PSC 7572, Box 4033 APO AP 00718",Mclaughlinland,Oklahoma,09189,2022-08-22
688b9160-4bac-4b47-82db-c905520c1f13,Virginia,Mason,omartin@example.org,+1-797-644-0067x2668,"782 Sandoval Knoll Apt. 401 South Gary, NE 64295",Danielhaven,South Dakota,06844,2024-06-11
ead6c9d0-f0d9-479c-aead-5b0fdf29e7ad,James,Ford,whiteteresa@example.org,649.565.6575,"86717 Burton Cape Apt. 521 Alexandraville, AR 05795",North Vickiton,New Mexico,01292,2023-09-23
29c345cd-e8b1-4b8b-ac4f-90cca97186c5,William,Ramos,brett27@example.org,440-928-9128,"29054 Kevin Orchard Apt. 794 South Sandrafort, VT 13956",New Deborah,Massachusetts,81837,2024-05-14
274908cf-fb30-4394-a461-62cbab55c1d0,Erica,Arroyo,agibson@example.com,001-204-229-9110x4630,"8211 Lloyd Trail Apt. 678 North William, MO 97124",West Jose,California,73327,2020-04-01
a8178822-34ab-4b2c-a319-f4ae9a8cc2a3,Daniel,Melton,paulaking@example.net,001-761-237-8336x38535,"8993 Donna Cliffs Apt. 234 West Sean, NJ 03624",Crystalshire,Alaska,23285,2023-08-22
54df2818-ac7a-4837-8add-b955930a54cf,Brianna,Golden,michaelbentley@example.org,+1-800-379-8360x3189,"292 Dunn Club East Edward, MN 17814",Brownview,Maine,86597,2020-10-07
0576963a-242d-435c-aec5-be3dde00180e,James,Rodriguez,michael99@example.org,815.746.3338,"22760 Carr View Suite 871 Hernandezmouth, PA 78977",Jeremystad,New Jersey,03796,2020-01-05
c9bab539-4f04-4d2a-8673-eca6ebbb9c05,Kimberly,Brown,cthomas@example.net,471.762.1108,"668 Mckinney Harbor South Christopher, VA 18167",West Karenberg,Delaware,28036,2021-05-24
00587dbf-feb0-4edc-8dab-7b4d29a6da68,Jill,Chan,shardy@example.com,001-247-486-2511x99349,"40851 Michael Divide Suite 982 South Gary, MH 47306",East Sarachester,New Jersey,44319,2024-01-14
fad73b09-9f7f-4070-8dd8-6820a0138b59,Scott,Anderson,lacey47@example.net,603-290-4634,"6216 Sarah Terrace Chenton, FM 99885",Nealtown,Utah,72718,2021-11-15
ec63ea3c-8577-41f1-a81e-f0901b0932de,Kyle,Taylor,matthew83@example.com,+1-254-961-7555x332,"0663 Tabitha Islands Stokesfurt, MP 39356",Mclaughlinville,Nevada,02329,2024-01-08
48534ecc-01b3-4e04-8e93-5e9ef15a29ad,Andrew,Newton,lvaldez@example.net,763.337.8393x15744,"417 Edward Station New Sherryberg, PR 29380",West Hannahbury,Florida,36843,2024-05-02
4a13598f-867c-4ff3-b944-95b21ad6e55b,William,Barker,bradley08@example.org,276-922-9703,"PSC 0254, Box 9015 APO AE 06616",Kelleyton,Hawaii,57242,2024-06-07
d591ab29-8bc7-4843-b6e0-a630aa9d1700,Angela,Barber,klopez@example.com,001-350-775-7533x275,"578 Arthur Heights Suite 786 West Thomas, HI 45770",West Michaelville,New Hampshire,48625,2021-04-26
e2e49793-8f88-43fb-aadd-00ceec068832,Michelle,Brooks,mary35@example.com,766.317.9716,Unit 1751 Box 5570 DPO AE 34149,Lynnton,Arizona,71534,2022-05-26
25c6e3c1-70ab-4867-aa9e-93064b08c6d0,Christopher,King,monica46@example.com,(587)876-6204x524,"517 Jones Mission West Sarahhaven, NY 52326",South Alexis,West Virginia,73866,2020-06-14
0cab493c-db08-4a78-8935-ce7f94d52cc2,Lisa,Vargas,vharris@example.com,(551)782-4599x829,"2855 David Union Thomasmouth, DC 42908",Nelsonton,Colorado,84624,2020-08-30
21193117-3a8f-4540-b64b-8fcc2e5e0381,Douglas,Juarez,connor56@example.net,6338681879,"9945 Paul Fords Suite 745 Jessicaland, HI 04945",Tinaville,Florida,31972,2020-05-21
7093ba3c-8413-4ec6-9378-622cf9328ad5,Amanda,Waller,jwarner@example.net,923-230-7229x86428,"76904 Price Junctions Apt. 000 Jenniferberg, CT 08803",Martinborough,Idaho,86296,2020-08-07
9ad45def-cfe4-4bcb-a015-353588fbd404,Chelsea,King,erica23@example.net,318-977-9424x066,"991 Cowan Passage South James, ND 09078",Port William,Kansas,57141,2021-08-24
f4796440-15f6-45e7-bd40-e0cd9d9a6c45,Brian,Larson,pbrown@example.com,2529621114,"79438 Webster Place New Christophermouth, MA 76583",North Michael,Arkansas,35688,2024-04-13
07dfa996-2910-4813-867f-8cc97e7ecef8,Ryan,Obrien,ubrown@example.com,315.574.7516,"2711 Mark River East Dennisshire, ME 17630",Autumnview,Alaska,21438,2022-05-22
ee9c6e06-b0d9-4aba-a487-ad3b8bdd4122,Jorge,Evans,njenkins@example.com,001-877-647-8605,Unit 4104 Box 8633 DPO AP 38645,North Ianchester,Maryland,99492,2024-10-18
e594aa66-b984-4a4d-9e1c-868cec4a91bf,Douglas,Perez,nnichols@example.net,+1-735-575-4353,"6023 Curtis Ferry Apt. 703 Port David, IA 84143",East Cindy,Nebraska,40368,2023-05-14
54d7d5a0-5524-435e-a4b5-c15740cc04b7,Kimberly,Lee,mary53@example.com,001-554-725-9820x698,"0010 Anthony Land Port Seanchester, WV 85396",East Mark,Kansas,66931,2021-12-29
68e269ea-1ddf-4e4e-b6b8-a71b2d0007e3,Robert,Hodges,omunoz@example.net,546-760-4829,"559 Joshua Village Suite 109 Lake Kim, WY 85094",South Joanmouth,Kentucky,71864,2024-07-10
fb087072-d000-411a-81a5-b09f78ef9af9,Michael,Francis,lewismichael@example.net,001-784-557-1408x45361,"PSC 9040, Box 3241 APO AP 43769",New Valeriechester,Indiana,86447,2022-06-18
cda6e0d3-53d9-4e2f-9bf3-b35a6f41367e,Karl,King,danielrobinson@example.net,437-487-5157x935,"489 Oscar Ports Apt. 616 Laurenstad, MA 99238",Port Casey,Washington,03507,2022-10-19
1f9768c4-bb03-43b4-9ef7-8014593b4bc3,Edwin,Ramirez,justinaguirre@example.com,+1-401-416-7629,"9173 Mckenzie Via Apt. 626 West Dawnbury, PW 33783",Chenfurt,Iowa,76146,2022-02-14
7b111005-b1ed-49ef-b1dd-62b587b46208,George,Nelson,watsonnathan@example.org,(248)564-7790x096,"735 Reyes Inlet Lake Carolynbury, VI 41536",Jasonview,Iowa,74546,2023-08-28
69d23cb5-89f0-4f4c-8cdc-02133aa113ff,Lisa,Evans,collin69@example.net,963-629-4316x3576,USCGC Reynolds FPO AP 77202,East Steven,Texas,23910,2021-11-16
094d3517-3a68-4a15-9ee7-620cf1779fdc,Erin,Evans,qgonzalez@example.com,651.441.8029x2223,"11673 Oconnell Burgs Susanfort, TX 60206",Edwardshire,New York,64413,2024-09-08
fba42564-4ce9-49fb-93c3-6a87939b5e52,Emily,Galloway,ysmith@example.com,(664)879-4193x9358,"85741 Wilkins Hill Daniellebury, NE 51461",Heatherborough,Nebraska,24644,2023-10-28
85df3c39-bfe8-4fc9-9492-5fa5caf10443,Erika,Mendoza,obrienwayne@example.org,001-618-407-1268x8371,"06847 Gomez Junctions Johnfurt, IL 20212",Cruzfort,Texas,04843,2021-06-15
6daea97a-0798-4e94-a2fa-7154f0ad81a1,Scott,Powers,maria73@example.com,001-425-333-9469x93339,USNV Ward FPO AA 58434,North Timothy,West Virginia,48396,2022-11-16
c56611b8-c86b-414e-9bd4-2337d4ccd107,Jared,Sanchez,phillipmcgee@example.org,225.402.8398,"0509 Kim Manor Apt. 297 Lake Amanda, OR 30728",Leeberg,New Jersey,18929,2022-01-18
490595d8-86a0-42b4-acb5-af0f26226407,Kyle,Rosales,jason13@example.net,001-576-291-1830,"4144 Taylor Creek Suite 048 West Anthonyport, WY 25923",North Morgan,Mississippi,46439,2023-08-28
5ab54228-10d9-430f-af5a-23bde992ae9b,Richard,Schmidt,markhernandez@example.com,5492890936,"006 Stephanie Ford Suite 030 West Amandatown, KY 78642",North Daniel,Hawaii,20562,2021-08-08
9a399c6f-37da-4a2d-a7d0-b301aa41658f,Melinda,Sanders,cervantesjoshua@example.com,806.889.4077x837,"50315 Ian Squares Apt. 224 Greenchester, AL 52482",Jamesfurt,Vermont,70067,2024-10-10
fb029636-b946-4115-8489-f94168e983f3,Marilyn,Obrien,wallsvictoria@example.org,869.813.7928,"8494 Brown Ports Suite 533 North Vanessa, IN 54271",New Dustin,Indiana,08132,2023-12-23
c4e3d04f-acf9-4306-8961-46b8e28aa066,Erika,Rios,edwardsjesse@example.net,+1-754-282-6298x864,"597 Jordan View Suite 193 Kellyberg, GA 02036",Territon,Massachusetts,86092,2020-12-13
f3d1f650-bb40-4231-aa43-4fda4df2baa4,Rebecca,Lee,melissapeters@example.org,560-529-7712x574,"608 Tucker Freeway Port Karen, VT 76015",Jeromeberg,Vermont,22247,2023-10-26
3fd839b3-8d84-42fb-b6a4-76d90d84b464,Matthew,Thomas,morganjohn@example.com,223-722-9351x137,"345 Brown Union Apt. 745 South Billymouth, WV 03178",New Andrea,Michigan,01242,2020-08-11
e12d072a-9a0c-4149-813f-a7845e603cd7,Nicole,Lewis,jonestimothy@example.com,316-454-4746,"63876 Rodriguez Fords Tranbury, NY 64114",Lake Davidchester,Nevada,73781,2023-07-29
51e6c1cd-5219-4dd5-ae47-70fabe0dbf15,Laurie,Ramirez,troberts@example.com,671-227-1120x968,"83944 Ochoa Grove South Nina, GA 98023",Port Jeffrey,Idaho,46848,2023-06-25
fb65cf5b-5446-4ad8-80e2-0def387a5112,Kimberly,Mckay,meganmorales@example.net,(805)235-3923x77275,"37089 Simmons Hollow Deborahchester, MT 60609",Brianstad,Hawaii,01050,2020-03-20
471c2032-61ab-4bb8-93b5-2597995a7e53,James,Dickerson,callahandarlene@example.org,232.757.6183x178,"2568 Jamie Way Suite 974 Jamesborough, MA 75137",Lake Kristi,Illinois,77784,2023-06-25
edce50b0-5f3f-4227-972b-dc3ce3797eaa,Brandon,Little,akennedy@example.org,(486)758-0817,"891 Garcia Courts Nashfort, OH 20036",Goodwinview,Alabama,80829,2021-03-23
9a20d3dd-01c5-49c9-9b93-31ef26586ba5,Bradley,Avery,jamesellis@example.com,(506)262-1232,"663 Ferguson Garden South Michael, IN 49547",North Gregg,Mississippi,47653,2023-08-20
4f0d54f7-4415-449c-a446-c5ee9bbf8751,Sherry,Gomez,mcampbell@example.com,850-394-7756x69486,"0565 Jodi Spring Victoriatown, MP 05868",Fisherchester,Missouri,63908,2023-08-25
f83a2081-5c71-4209-93de-b03a996c423b,Lindsay,Hahn,williamgordon@example.net,(620)654-1237x70124,Unit 4867 Box 7116 DPO AE 63129,Santiagostad,Virginia,50278,2023-01-28
ca5d1698-a65a-4f1f-8f1a-31c5e29be900,Peter,Gonzalez,april98@example.org,(634)845-0255,"59584 Christine Villages Ralphmouth, SC 13501",New Thomas,New Hampshire,76667,2022-04-30
eae71b01-c061-46ad-85df-34901e36bb42,James,Thomas,chenthomas@example.org,863.744.0945x88047,"769 Theresa Canyon Apt. 832 New Aliciahaven, MA 81481",North Martin,Florida,65524,2022-06-27
f4ecec72-2d63-4ff5-9a2c-fa3f5661d977,Kimberly,Alexander,escott@example.com,768.613.5643x37707,"PSC 0812, Box 0130 APO AE 15258",Thomaschester,Washington,66360,2022-05-27
134918fa-3e81-48c6-89b4-5aade45e88a1,Mark,Navarro,deanhughes@example.com,001-295-851-4085x9829,"819 Thompson Park Suite 703 Kevinville, CA 78061",Wilsonside,Maryland,42729,2020-08-28
1f0ca700-8e48-4811-b4ab-9e9f9038c79f,Katrina,Smith,marcusmorgan@example.net,230-521-4213x3988,"901 Michael Islands Suite 132 Kimberlyside, TX 95617",North Ashley,Louisiana,84845,2020-01-26
78fd43fe-e742-4ec8-83dd-fd84686141ec,Tiffany,Wu,tammyshelton@example.com,001-276-395-9561x671,"275 Huff Corners Apt. 202 Jacobsborough, LA 32714",Lake Kristinton,Vermont,96906,2023-09-26
d8f096fd-cfd5-4b1b-b23d-125fbba187d4,Valerie,Adkins,xdelacruz@example.com,5033138127,"425 Robert Lodge Suite 276 West Terriview, ID 99592",Lake Danaside,Georgia,64431,2021-06-10
79a2fbec-6bfa-4cde-a4b1-6c282db6e902,Billy,Patterson,sarawatson@example.com,584.964.3389x106,"22357 Bradley Islands Suite 199 New Rachelport, WY 84291",Markmouth,California,15852,2020-03-11
9acad93f-40f5-46a9-885d-2324f88064d9,Charles,Glenn,timothy29@example.net,001-218-620-2304,"8355 Donna Garden Suite 178 Lake Maria, ID 47409",North Jesusside,New Hampshire,80549,2021-02-27
039b0895-c46d-4edd-95d7-c241667030e8,Patricia,Olsen,ritterjessica@example.org,+1-874-309-1166,"21925 Wells Road Randyport, AR 91347",Jesustown,Pennsylvania,05970,2024-01-03
e246c983-167e-475a-93ee-27397c042a28,Joshua,Bautista,amanda84@example.com,456-335-6927,"1128 Roberts Roads Port Stephanie, NM 05239",Mcneilmouth,California,48416,2020-03-01
64396b6e-b10b-47f0-87a8-3db9ce0f8cb9,Chelsea,Thompson,sarahcarter@example.net,(886)864-7480,Unit 7128 Box 8788 DPO AE 46808,Stephensstad,Connecticut,31803,2020-01-17
e4d4a46a-73da-4c93-81e5-9ecb2cc1e61d,Julia,Cruz,khawkins@example.net,282-766-5501,"350 Anne Avenue Jamestown, AK 67819",Port Suzannestad,Idaho,88711,2023-07-07
6655a684-f021-4937-a2ec-b06f1a74e197,Christopher,Robles,gregory92@example.org,8295904606,"148 King Brook Suite 919 South Danielle, MN 44127",Lake James,Louisiana,08249,2023-08-17
95267b0c-775f-4ac7-bedd-f856fa31602c,William,Ellis,veronicamoreno@example.com,(816)916-1384,"661 Mark Locks Jenniferchester, VA 37678",Port Kathleenport,Florida,41981,2020-02-23
c1c5a984-1b54-485b-8e37-4bea28514bee,Michelle,Long,deborahcarlson@example.net,653.763.8025x029,"2099 Nicole Flats Pamelaville, IA 53380",Thompsonborough,Utah,08084,2023-09-24
a17f8944-a76f-4f28-a7de-7dc6bb1ea168,Jacob,Lowe,aaronflores@example.com,769-813-7061x48035,"2812 Douglas Rue North Amystad, MT 00902",Barrettshire,Texas,07104,2021-05-20
d75cc98d-9620-4c3f-95f9-913d5b010075,Jasmine,Carson,jilllowe@example.net,+1-459-303-1731x827,"298 Brandon Ridges South Michaelfort, IA 29052",East Megan,Michigan,79860,2021-03-06
01733563-90f6-412e-b670-fd0db939fcbf,William,Morris,russellmiller@example.com,576.692.6889,"74102 Pineda Cove Suite 400 North Dennisland, AR 01048",Lake Tammy,South Dakota,76622,2021-03-14
3b16ebe9-50b4-477e-9c96-5dfa3ce47ff6,Kevin,Brooks,randallhenderson@example.org,(857)566-8115x66920,"31203 Shelton Oval Apt. 205 East Emily, AK 35489",Port Christopher,Washington,36800,2022-04-15
99d8e975-da8c-4fc0-a506-0b9ac7da9247,Paula,Harper,jacksonerin@example.org,(845)562-1805,"6493 Mary Islands Freemanbury, MO 92713",Colemouth,Mississippi,33634,2022-07-05
ab45c428-96f5-456b-9491-e6bbdc3dc9fd,Grace,Melendez,daniel59@example.org,001-290-483-8805x77698,"04161 Rhonda Walk Lake Adambury, CA 17378",South Vincent,New Mexico,54718,2020-04-11
0a93a34c-985e-4edf-ac08-5f1f11909dcc,Lisa,Roth,janet86@example.org,+1-249-908-6807,"7377 Long Highway West Gabriel, DE 03939",Garciahaven,Indiana,02796,2021-06-18
a6102272-d1f7-4e7b-b0bb-b0c3b5616c39,Ashley,Lopez,gibbscassie@example.net,576.673.5252x78534,"656 Brown Bridge Apt. 435 West Carl, KY 60308",Jerryshire,Massachusetts,29053,2024-09-25
a42cc3e0-16d1-4cf5-be05-061f167426fc,William,Howell,smithamber@example.org,5917248173,"1533 Nolan Viaduct Apt. 868 Warrenchester, GA 53596",Stonemouth,Illinois,81017,2021-06-30
73d82e3f-5c93-47d6-a6c5-36d87bca4251,Anthony,Smith,christinachase@example.net,6869659041,"32543 Joshua Lights North Colleenfurt, IA 37709",Stephanietown,Florida,35464,2020-01-23
