employee_id,first_name,last_name,email,department,position,salary,hire_date
847839a4-979e-44f4-9607-54116a8ac14e,Brittany,Little,thomas22@example.org,Geophysical data processor,Ceramics designer,77114,2020-08-15
58057cf7-f197-448a-b217-b9d55b3d69fd,Paul,Gray,ajohnson@example.com,Community arts worker,"Surveyor, commercial/residential",90511,2021-02-10
264a1cd0-852a-41b0-bc1a-24092242e305,Matthew,Beard,juan49@example.net,"Engineer, maintenance",Farm manager,71364,2021-08-19
6b56fe07-e303-4c37-94da-e44e6bc7e0bf,Monica,Watson,jack51@example.com,Copy,Herpetologist,48536,2023-06-05
fbf39a4b-4e2b-43e8-a33f-af9ee67b70ee,Cindy,Martin,acevedokristina@example.org,"Programmer, systems","Engineer, building services",76064,2023-04-30
f9ab0125-02c5-4326-ae10-89d684544ff5,Alexis,Gonzalez,dustin87@example.com,Agricultural engineer,"Education officer, environmental",51140,2021-04-02
0b57b489-49ee-40ab-8aa5-9546c3eacfd1,Crystal,Lynch,helensimpson@example.com,Contracting civil engineer,TEFL teacher,68636,2024-08-22
6e70eefe-f397-455a-a69b-0e0956cffa9c,Jeffrey,Powell,patricia97@example.org,Cabin crew,Nutritional therapist,60292,2023-06-04
3efc3ec5-fc19-4d8e-b11a-d89055df8f78,Kenneth,Kim,martinbrian@example.com,"Therapist, speech and language",Product designer,71942,2023-02-07
058deeb2-e99a-4c42-bec4-5d400829754b,Rachel,Diaz,patelsheryl@example.com,Research scientist (physical sciences),Sports therapist,98959,2021-06-07
f57514f0-697b-461f-afd6-2c28eb654146,Eric,Ford,pward@example.com,"Surveyor, hydrographic",Art gallery manager,84574,2023-08-26
b83388a4-6318-4f86-a1b7-3ce78e22f697,Jamie,Smith,hhenderson@example.org,"Horticulturist, commercial",Holiday representative,74746,2020-09-04
10fd754d-81f9-49fd-afa5-46ff08c276ea,Anthony,Moore,gberry@example.org,Orthoptist,Rural practice surveyor,114418,2020-07-07
e696e2c7-3024-4283-82a3-7c292ed0f2fe,David,Leblanc,fanderson@example.com,Civil Service fast streamer,Race relations officer,67354,2023-03-07
45108f46-1709-4527-9e8e-a7884352f89a,Marcus,Thomas,cooperdaniel@example.com,Retail merchandiser,Community arts worker,82361,2022-01-07
1cfd03fb-f959-4a94-b57b-db608aaccf98,Charles,Garner,unovak@example.net,"Designer, exhibition/display","Surveyor, planning and development",67818,2023-08-19
e104f85d-23b2-4a0c-8cc2-dc2b1c177bf2,Phillip,Moran,ntaylor@example.com,Seismic interpreter,Publishing rights manager,107264,2022-09-25
6ddb030e-b523-4257-979a-87e42e683bb3,Ashley,Gardner,sean53@example.net,"Engineer, aeronautical",Secondary school teacher,96305,2024-07-28
bb749fb0-9bd0-47c6-b20d-9b06ac819a43,Jesus,Giles,charlesgarcia@example.com,Lobbyist,Merchant navy officer,114926,2024-10-12
298d2db7-e676-425f-a1fe-b8305db922f9,Caitlyn,Garner,ggibson@example.net,Warden/ranger,Warden/ranger,78619,2020-07-14
7dd82c85-f54f-4825-a122-72c710c0de11,John,Lee,kristinathomas@example.org,Tree surgeon,Lawyer,80841,2020-03-27
820214ec-bcb0-4784-96f5-e09ba36a77ad,Charles,Li,brandon69@example.org,Chief Technology Officer,Race relations officer,86391,2021-12-10
2b91ac60-8172-4b1e-8571-7ee462ef614d,Kayla,Wiggins,ocook@example.com,"Designer, exhibition/display",Higher education lecturer,66777,2022-03-02
54eff2d8-2a22-4596-aa90-188b0930272e,Rachel,Dawson,rdavenport@example.org,Investment analyst,Product/process development scientist,72209,2024-03-30
4fbc1391-77a7-4414-a8e4-93dd165e156f,Nathan,Palmer,hmiranda@example.com,Theatre director,Armed forces technical officer,42186,2022-12-09
6bb7dbdc-8aa3-458b-a5e0-b3786526047c,Vanessa,Hall,mcarter@example.net,Claims inspector/assessor,Equality and diversity officer,65455,2020-01-05
c9f8a250-bc28-4fe2-ae04-4c77c2ef7508,Kaitlin,Duffy,teresa79@example.net,Insurance claims handler,Youth worker,44605,2021-10-03
c8846cfc-bdcc-4322-959c-06d07d78d524,George,Church,jeffreymosley@example.org,Community education officer,"Designer, jewellery",85169,2022-01-21
af20943d-c887-46c1-956e-63ef3e797947,Michael,Campbell,torresjacqueline@example.net,Therapeutic radiographer,Writer,83893,2024-11-11
cf1690fa-b5c5-4f89-b7a8-bc03b3fc6690,Sergio,Perez,lroach@example.net,"Engineer, drilling","Presenter, broadcasting",118194,2023-05-27
af9962d7-8b9c-48e2-951a-8c200e7adaba,Alan,Clark,stephanie05@example.net,"Teacher, secondary school",Public relations account executive,88509,2021-07-03
341ad5cd-8aa4-4ffa-abbc-b728ea7848fb,Ivan,Gonzalez,flynnkendra@example.org,"Presenter, broadcasting",TEFL teacher,77018,2022-11-27
7e449edf-14ab-498b-bb6f-dedd2f99e41c,Patrick,Garrett,lmacias@example.net,Air broker,Pensions consultant,78018,2024-08-12
7f068abf-887f-44be-b346-76668007d817,Corey,Parks,kevincooper@example.net,Special educational needs teacher,Commercial/residential surveyor,118219,2021-06-14
85473b46-3379-46c7-a222-dee44d8721e5,Alyssa,Harmon,justinwilson@example.org,Proofreader,Contractor,40235,2023-02-11
b5ac9da7-97a4-4fc6-87fd-7c724189d389,Veronica,Stone,jillian19@example.org,"Designer, fashion/clothing","Designer, exhibition/display",118933,2020-07-04
42bf56e9-a14c-47e1-91c1-28da373aecf8,Debbie,Taylor,monicaandersen@example.net,Pensions consultant,Optometrist,84892,2020-10-07
d626b7cd-3c71-4b4a-a7cd-798e95a8e0e0,Bradley,Hendrix,esparzacheyenne@example.net,"Lecturer, further education",Retail banker,99726,2022-10-12
d5feccc4-dee5-486b-9f34-7c9979639340,Matthew,Hart,henry44@example.com,Medical secretary,"Psychologist, educational",62347,2020-11-03
54b8b4b1-71ce-438c-a195-19251a781b79,Ryan,Harrington,taylordickerson@example.org,Animal nutritionist,"Psychologist, counselling",49089,2022-04-09
1278b6b2-a1ee-4df7-9a4a-4de0eeea659a,Thomas,Jackson,david78@example.com,Risk manager,Hospital pharmacist,81487,2023-04-22
fdb4964c-3208-4e82-b00b-dd4dd6e4a195,Jared,Warren,jesseolson@example.com,"Psychologist, educational",Early years teacher,50305,2024-03-16
baa7eeb7-7feb-4ed6-95dc-1e0cb66dcc77,Jeffrey,Lewis,jenniferbarnett@example.com,"Buyer, industrial",Legal secretary,58911,2024-06-03
84ae19dd-014f-4c2e-9aca-34b935ec7564,Frederick,Crosby,dsnyder@example.org,Manufacturing engineer,Theatre manager,64291,2024-08-02
58bb6443-5d76-4da0-ba8e-7f4b6a29a7e5,Michelle,Weiss,bhorn@example.com,Volunteer coordinator,Event organiser,52749,2020-06-06
62ac82c1-0f03-4dac-9bc6-77cd3d113dba,Deborah,Daniel,cynthia98@example.org,Company secretary,Academic librarian,102340,2020-05-25
8cc71d75-dafa-4344-9b35-5d79940f5145,Joanna,Munoz,billywilson@example.com,Scientific laboratory technician,"Engineer, agricultural",82540,2022-03-13
78a97df4-6cc6-4e93-b8c2-81f43ce3fa57,Kenneth,Robinson,hilldanielle@example.org,Consulting civil engineer,English as a foreign language teacher,91304,2020-08-23
4e3f9551-f3f8-47ac-bf2b-c4ee4e9684cf,Stephanie,Kim,dukebrooke@example.com,Art gallery manager,Medical laboratory scientific officer,59753,2022-10-27
7de7126d-66e4-4204-9aed-630703020ad8,Jared,Brown,sydneywagner@example.net,Freight forwarder,Investment analyst,59949,2020-10-31
